{
  "generatedFor": [
    "six-digit-guess",
    "text-html",
    "compute-mix",
    "binary-trees",
    "matrix-multiply"
  ],
  "repeat": 15,
  "quick": false,
  "report": {
    "six-digit-guess": {
      "nodejs": {
        "primaryMs": {
          "n": 15,
          "mean": 15.332666666666665,
          "stdev": 0.21417708145882966,
          "cvPct": 1.3968677863743837,
          "min": 15.009,
          "max": 15.895,
          "spreadPct": 5.778512109222135
        }
      },
      "python": {
        "primaryMs": {
          "n": 15,
          "mean": 466.33986666666675,
          "stdev": 28.187843949396974,
          "cvPct": 6.044485141465559,
          "min": 400.968,
          "max": 500.374,
          "spreadPct": 21.316213153840017
        }
      },
      "cpp": {
        "primaryMs": {
          "n": 15,
          "mean": 0.6133266666666667,
          "stdev": 0.005942442445848535,
          "cvPct": 0.968887017116795,
          "min": 0.607,
          "max": 0.6245,
          "spreadPct": 2.853291883607442
        }
      },
      "rust": {
        "primaryMs": {
          "n": 15,
          "mean": 0.5441333333333332,
          "stdev": 0.017091388344881615,
          "cvPct": 3.141029467939528,
          "min": 0.539,
          "max": 0.608,
          "spreadPct": 12.680715510904184
        }
      },
      "rustAvx2": {
        "primaryMs": {
          "n": 15,
          "mean": 0.5630666666666667,
          "stdev": 0.004493946545694012,
          "cvPct": 0.7981197985485458,
          "min": 0.558,
          "max": 0.571,
          "spreadPct": 2.30878522377455
        }
      },
      "wasm": {
        "primaryMs": {
          "n": 15,
          "mean": 1161.7998666666667,
          "stdev": 11.718575083269393,
          "cvPct": 1.0086569485406545,
          "min": 1155.329,
          "max": 1204.961,
          "spreadPct": 4.271992227232716
        }
      },
      "galerinaGoverned": {
        "primaryMs": {
          "n": 15,
          "mean": 895.8593333333332,
          "stdev": 20.41040011584508,
          "cvPct": 2.278304121686338,
          "min": 861.58,
          "max": 934.34,
          "spreadPct": 8.12181079023567
        }
      },
      "galerinaManifest": {
        "primaryMs": {
          "n": 15,
          "mean": 888.2933333333334,
          "stdev": 25.959734889932058,
          "cvPct": 2.922428202012705,
          "min": 826.74,
          "max": 933.75,
          "spreadPct": 12.046696286511962
        }
      }
    },
    "text-html": {
      "nodejs": {
        "primaryMs": {
          "n": 15,
          "mean": 516.7962,
          "stdev": 4.66746339674989,
          "cvPct": 0.9031535829307356,
          "min": 507.76800000000003,
          "max": 523.6980000000001,
          "spreadPct": 3.082453005652918
        }
      },
      "python": {
        "primaryMs": {
          "n": 15,
          "mean": 586.7317999999999,
          "stdev": 23.247713232918198,
          "cvPct": 3.962238493451045,
          "min": 551.177,
          "max": 647.001,
          "spreadPct": 16.33182316008779
        }
      },
      "rust": {
        "primaryMs": {
          "n": 15,
          "mean": 40.76779999999999,
          "stdev": 7.9397702502444405,
          "cvPct": 19.475591644004442,
          "min": 32.793,
          "max": 55.527,
          "spreadPct": 55.764598531193755
        }
      },
      "rustAvx2": {
        "primaryMs": {
          "n": 15,
          "mean": 45.432866666666676,
          "stdev": 8.921032330895843,
          "cvPct": 19.635636017308705,
          "min": 33.195,
          "max": 55.577,
          "spreadPct": 49.26389559393859
        }
      },
      "galerinaGoverned": {
        "primaryMs": {
          "n": 15,
          "mean": 7.210666666666667,
          "stdev": 0.2665449722321211,
          "cvPct": 3.6965371518877745,
          "min": 6.81,
          "max": 7.75,
          "spreadPct": 13.036242603550303
        }
      },
      "galerinaManifest": {
        "primaryMs": {
          "n": 15,
          "mean": 0.5473333333333333,
          "stdev": 0.019482185594936592,
          "cvPct": 3.559473616614481,
          "min": 0.52,
          "max": 0.58,
          "spreadPct": 10.962241169305715
        }
      }
    },
    "compute-mix": {
      "nodejs": {
        "primaryMs": {
          "n": 15,
          "mean": 5000.181200000001,
          "stdev": 0.09988940551099608,
          "cvPct": 0.001997715713002482,
          "min": 5000.037,
          "max": 5000.392,
          "spreadPct": 0.007099742705315626
        }
      },
      "python": {
        "primaryMs": {
          "n": 15,
          "mean": 5027.877733333333,
          "stdev": 21.19122718631974,
          "cvPct": 0.4214745924672792,
          "min": 5001.109,
          "max": 5070.364,
          "spreadPct": 1.377420129786752
        }
      },
      "cpp": {
        "primaryMs": {
          "n": 15,
          "mean": 30000.173333333336,
          "stdev": 0.09285592184854537,
          "cvPct": 0.0003095179511692111,
          "min": 30000,
          "max": 30000.4,
          "spreadPct": 0.0013333256296789902
        }
      },
      "rust": {
        "primaryMs": {
          "n": 15,
          "mean": 5000.1878,
          "stdev": 0.10744871644965484,
          "cvPct": 0.0021488936165488595,
          "min": 5000.001,
          "max": 5000.354,
          "spreadPct": 0.007059734836360856
        }
      },
      "rustAvx2": {
        "primaryMs": {
          "n": 15,
          "mean": 5000.347666666667,
          "stdev": 0.6168091727231663,
          "cvPct": 0.012335325738147,
          "min": 5000.01,
          "max": 5002.619,
          "spreadPct": 0.05217637200292277
        }
      },
      "wasm": {
        "primaryMs": {
          "n": 15,
          "mean": 1313.5067999999997,
          "stdev": 24.99322930768783,
          "cvPct": 1.9027864421933587,
          "min": 1292.81,
          "max": 1381.667,
          "spreadPct": 6.764867909324869
        }
      },
      "galerinaGoverned": {
        "primaryMs": {
          "n": 15,
          "mean": 29.908666666666672,
          "stdev": 0.7044607078389034,
          "cvPct": 2.3553731622012677,
          "min": 29.23,
          "max": 32.03,
          "spreadPct": 9.36183491964425
        }
      },
      "galerinaManifest": {
        "primaryMs": {
          "n": 15,
          "mean": 28.462666666666667,
          "stdev": 0.6616088135917041,
          "cvPct": 2.32447936568969,
          "min": 27.58,
          "max": 30.25,
          "spreadPct": 9.38070923314752
        }
      }
    },
    "binary-trees": {
      "nodejs": {
        "primaryMs": {
          "n": 15,
          "mean": 1.7683333333333333,
          "stdev": 0.08585077492693678,
          "cvPct": 4.854897733851279,
          "min": 1.571,
          "max": 1.896,
          "spreadPct": 18.378887841658813
        }
      },
      "python": {
        "primaryMs": {
          "n": 15,
          "mean": 40.39993333333334,
          "stdev": 6.395987924385793,
          "cvPct": 15.831679403066158,
          "min": 29.032,
          "max": 46.934,
          "spreadPct": 44.31195431015561
        }
      },
      "rust": {
        "primaryMs": {
          "n": 15,
          "mean": 7.334266666666667,
          "stdev": 0.9548032583847954,
          "cvPct": 13.018387546832159,
          "min": 6.574,
          "max": 8.906,
          "spreadPct": 31.795953242314624
        }
      },
      "rustAvx2": {
        "primaryMs": {
          "n": 15,
          "mean": 7.692733333333334,
          "stdev": 1.0900752553022302,
          "cvPct": 14.170194234847996,
          "min": 6.525,
          "max": 9.106,
          "spreadPct": 33.55114350339281
        }
      },
      "wasm": {
        "primaryMs": {
          "n": 15,
          "mean": 1158.4459333333334,
          "stdev": 10.867743043623292,
          "cvPct": 0.9381312265780286,
          "min": 1126.08,